{"stats":{"minecraft:picked_up":{"minecraft:oak_sign":1,"minecraft:repeater":11,"minecraft:leather":4,"minecraft:lead":2,"minecraft:lever":3,"minecraft:redstone_torch":97,"minecraft:redstone":426},"minecraft:used":{"minecraft:redstone_torch":653,"minecraft:black_concrete":141,"minecraft:lever":53,"minecraft:netherite_sword":7,"minecraft:repeater":583,"minecraft:redstone_lamp":261,"minecraft:target":56,"minecraft:dark_oak_hanging_sign":2,"minecraft:redstone":4440,"minecraft:oak_planks":2636,"minecraft:oak_sign":52,"minecraft:white_concrete":429,"minecraft:sandstone":244,"minecraft:pearlescent_froglight":8},"minecraft:dropped":{"minecraft:redstone":65},"minecraft:killed":{"minecraft:trader_llama":2,"minecraft:wandering_trader":1},"minecraft:custom":{"minecraft:time_since_rest":484435,"minecraft:crouch_one_cm":20471,"minecraft:sprint_one_cm":111738,"minecraft:play_time":484435,"minecraft:walk_one_cm":1422650,"minecraft:sneak_time":9274,"minecraft:mob_kills":3,"minecraft:drop":2,"minecraft:jump":4097,"minecraft:damage_dealt":1174,"minecraft:leave_game":2,"minecraft:time_since_death":484435,"minecraft:total_world_time":655766,"minecraft:fly_one_cm":2818432}},"DataVersion":3700}